{"yHhqNH5h5yKiK55FcZDslQ==":"ffhxb-wacaacb2u-1.jpeg","ERr+uFUWL24xWQRvWHT2BQ==":"garden-wedding.png","fQ/OXkmzg8ZiuIFNEyPp0A==":"featured-genshin-impact-elements.jpeg","PLlkE6Y70yNaLznSbE6PPA==":"156005c5-10.jpeg","DRW/n1czLvWpJCZMFfM3tg==":"genshin-impact-open-world-screenshot.jpeg","MG9Ep/SAEV6l3zP3xO+IHA==":"ce613eaffc0acac237e389f95ce94dc0.jpeg","30AysCZJFB5gb7dwgcw2BA==":"character-venti-thumb.jpeg","HJCWlqSyrvNZ3B7qxx6YDg==":"thumb-280958.png","L/NCRJy9nbAv+uLREmIrRQ==":"character-raiden-shogun-thumb.jpeg","KzMQ306orySsb4JKR4G9uQ==":"nahida-73.jpeg"}